system:index,avg_temperature,date,location_id,ndvi,nighttime_lights,precipitation,relative_humidity,soil_moisture,surface_pressure_hpa,.geo
0_0,25.05123792848633,2001-11,80,0.7938217391304349,0.0,854.3068329245535,69.56727389556384,0.22783744324287875,984.6248376721246,"{""type"":""MultiPoint"",""coordinates"":[]}"
1_0,22.095574088946137,2001-07,97,0.5732086956521739,6.5,1193.80991257734,80.97313679720963,0.33108210454792736,952.390584247467,"{""type"":""MultiPoint"",""coordinates"":[]}"
2_0,23.974808312333153,2001-07,111,0.5786,18.0,1061.0267380625694,74.77461736830496,0.16104061178965118,1017.0196561652753,"{""type"":""MultiPoint"",""coordinates"":[]}"
3_0,13.190726949961743,2001-04,121,0.7044782608695652,9.5,1429.3240914494484,73.46688118955248,0.3670070578518523,995.2897486310296,"{""type"":""MultiPoint"",""coordinates"":[]}"
4_0,9.393081402016492,2001-02,122,0.713895652173913,2.5,1760.65601505346,82.26928498851245,0.41596914491696957,996.4274381287446,"{""type"":""MultiPoint"",""coordinates"":[]}"
5_0,13.295198625189983,2001-03,123,0.7095434782608696,5.0,1326.3548920304268,74.14414024820158,0.2904318561292675,999.8957737451842,"{""type"":""MultiPoint"",""coordinates"":[]}"
6_0,7.396714080740992,2001-02,130,0.05497391304347826,0.5,290.5552247912375,29.501066441310265,0.05219673087063445,661.2445191789744,"{""type"":""MultiPoint"",""coordinates"":[]}"
7_0,19.502195539431057,2001-11,139,0.7409130434782609,0.0,1972.487376108834,71.42369627374354,0.27665150960286455,871.057091096782,"{""type"":""MultiPoint"",""coordinates"":[]}"
8_0,-9999.0,2001-06,141,0.5966260869565218,1.5,-9999.0,-9999.0,-9999.0,-9999.0,"{""type"":""MultiPoint"",""coordinates"":[]}"
9_0,24.807565072464627,2001-06,142,0.5548739130434783,2.5,1021.654279008576,74.19495647736831,0.280109119850751,1016.7818353890202,"{""type"":""MultiPoint"",""coordinates"":[]}"
10_0,25.05123792848633,2001-11,157,0.7922608695652175,0.0,854.3068329245535,69.56727389556384,0.22783744324287875,984.6248376721246,"{""type"":""MultiPoint"",""coordinates"":[]}"
11_0,22.43795600960766,2001-06,159,0.6977739130434784,6.0,2840.5142138153997,84.99190858931932,0.5000653758985265,955.2735077634484,"{""type"":""MultiPoint"",""coordinates"":[]}"
12_0,22.371725897592796,2001-06,106,0.7705739130434783,0.5,2534.1354916245427,87.39413267669389,0.4551456956558576,964.4480134712113,"{""type"":""MultiPoint"",""coordinates"":[]}"
13_0,22.78113166600042,2001-11,173,0.797495652173913,3.5,1417.981744781205,78.98642169524301,0.3488294801755582,967.9606196355946,"{""type"":""MultiPoint"",""coordinates"":[]}"
14_0,20.196100050346956,2001-07,176,0.6592086956521739,7.5,854.5410642773596,68.51209450204468,0.22436592415587536,879.8275260282892,"{""type"":""MultiPoint"",""coordinates"":[]}"
15_0,24.83297063574929,2001-05,181,0.6314173913043478,0.0,994.7706172615973,78.05612215339097,0.2975458345456755,986.8120636995218,"{""type"":""MultiPoint"",""coordinates"":[]}"
16_0,24.974365291856657,2001-06,189,0.39935652173913044,31.0,1222.6297269017189,73.09398301632126,0.1831588762535896,1017.1418764849099,"{""type"":""MultiPoint"",""coordinates"":[]}"
17_0,20.967173065115958,2001-07,239,0.7386173913043479,0.0,2611.345917955109,86.53753444263104,0.4414961375057969,927.6162988593387,"{""type"":""MultiPoint"",""coordinates"":[]}"
18_0,-9999.0,2001-06,247,0.6009304347826088,0.5,-9999.0,-9999.0,-9999.0,-9999.0,"{""type"":""MultiPoint"",""coordinates"":[]}"
19_0,23.85066269304116,2001-06,249,0.7422304347826088,1.5,2753.4394869954076,87.90113404811635,0.43981176228283736,996.53382169039,"{""type"":""MultiPoint"",""coordinates"":[]}"
20_0,22.78113166600042,2001-11,267,0.7881304347826087,1.5,1417.981744781205,78.98642169524301,0.3488294801755582,967.9606196355946,"{""type"":""MultiPoint"",""coordinates"":[]}"
21_0,22.371725897592796,2001-06,279,0.7705739130434783,0.5,2534.1354916245427,87.39413267669389,0.4551456956558576,964.4480134712113,"{""type"":""MultiPoint"",""coordinates"":[]}"
22_0,22.371725897592796,2001-05,106,0.7705739130434783,0.5,2534.1354916245427,87.39413267669389,0.4551456956558576,964.4480134712113,"{""type"":""MultiPoint"",""coordinates"":[]}"
23_0,25.587529042213532,2001-07,387,0.5571739130434783,2.0,2112.789363637635,82.5525800987625,0.24852062730484348,1009.992790868472,"{""type"":""MultiPoint"",""coordinates"":[]}"
24_0,24.915300205526762,2001-05,430,0.7060304347826087,0.0,2010.7748518139808,84.72504810692034,0.45402854675571663,1005.282841096782,"{""type"":""MultiPoint"",""coordinates"":[]}"
25_0,25.19087432617448,2001-09,486,0.6966478260869565,0.0,1866.3109848648994,84.33128345482895,0.4547210588847122,1006.1395089050015,"{""type"":""MultiPoint"",""coordinates"":[]}"
26_0,24.958249781012,2001-09,540,0.6499782608695652,0.0,2288.424045816132,85.41251543588761,0.4522017108795307,1003.380786302262,"{""type"":""MultiPoint"",""coordinates"":[]}"
27_0,23.70821656005012,2001-08,624,0.3238608695652174,0.0,258.7810317427603,40.15918079324427,0.11311943019361805,981.9088068502067,"{""type"":""MultiPoint"",""coordinates"":[]}"
28_0,17.21787739409666,2001-04,630,0.6681043478260871,0.0,2409.1804484278646,88.68729284077814,0.3877564260404403,848.8166356173296,"{""type"":""MultiPoint"",""coordinates"":[]}"
29_0,19.502195539431057,2001-11,1917,0.7409130434782609,0.0,1972.487376108834,71.42369627374354,0.27665150960286455,871.057091096782,"{""type"":""MultiPoint"",""coordinates"":[]}"
30_0,-9999.0,2001-06,1926,0.5966260869565218,1.5,-9999.0,-9999.0,-9999.0,-9999.0,"{""type"":""MultiPoint"",""coordinates"":[]}"
31_0,20.353086039573896,2001-06,1998,0.5374695652173913,2.0,1969.0821925551384,83.68692651619638,0.32741250686993895,899.0845500008918,"{""type"":""MultiPoint"",""coordinates"":[]}"
32_0,20.583897924205303,2001-06,2095,0.2258,4.5,304.25459243364014,48.647873824846435,0.05632902868262163,909.5050271698416,"{""type"":""MultiPoint"",""coordinates"":[]}"
33_0,-9999.0,2001-06,2326,0.7343173913043478,6.5,-9999.0,-9999.0,-9999.0,-9999.0,"{""type"":""MultiPoint"",""coordinates"":[]}"
34_0,-9999.0,2001-07,2363,0.5408782608695653,10.5,-9999.0,-9999.0,-9999.0,-9999.0,"{""type"":""MultiPoint"",""coordinates"":[]}"
35_0,-9999.0,2001-07,2369,0.5408782608695653,10.5,-9999.0,-9999.0,-9999.0,-9999.0,"{""type"":""MultiPoint"",""coordinates"":[]}"
36_0,26.180619974005708,2001-01,2380,0.6018173913043479,13.5,981.6431114823309,76.76715819355447,0.25907000711519457,1015.197451827376,"{""type"":""MultiPoint"",""coordinates"":[]}"
37_0,25.18235950382865,2001-07,2435,0.6624521739130436,8.5,720.0901965052573,74.92783020021963,0.1913506965114645,984.4387760282891,"{""type"":""MultiPoint"",""coordinates"":[]}"
38_0,-9999.0,2001-07,2456,-9999.0,14.0,-9999.0,-9999.0,-9999.0,-9999.0,"{""type"":""MultiPoint"",""coordinates"":[]}"
39_0,-9999.0,2001-07,2510,-9999.0,14.0,-9999.0,-9999.0,-9999.0,-9999.0,"{""type"":""MultiPoint"",""coordinates"":[]}"
40_0,-9999.0,2001-07,2568,0.5659347826086957,10.0,-9999.0,-9999.0,-9999.0,-9999.0,"{""type"":""MultiPoint"",""coordinates"":[]}"
41_0,25.052702326317444,2001-04,2580,0.6943217391304348,38.0,670.6624934823004,74.61227806881561,0.32848008038246457,983.5970054803439,"{""type"":""MultiPoint"",""coordinates"":[]}"
42_0,-9999.0,2001-07,2583,-9999.0,14.0,-9999.0,-9999.0,-9999.0,-9999.0,"{""type"":""MultiPoint"",""coordinates"":[]}"
43_0,-9999.0,2001-05,2605,0.7343173913043478,6.5,-9999.0,-9999.0,-9999.0,-9999.0,"{""type"":""MultiPoint"",""coordinates"":[]}"
44_0,-9999.0,2001-04,2364,0.7196826086956523,7.5,-9999.0,-9999.0,-9999.0,-9999.0,"{""type"":""MultiPoint"",""coordinates"":[]}"
45_0,25.60192620438511,2001-07,2653,0.6004826086956522,16.0,876.8585781008688,75.96112957982307,0.2060156051426717,997.1972486310286,"{""type"":""MultiPoint"",""coordinates"":[]}"
46_0,-9999.0,2001-01,2656,0.6188652173913043,15.0,-9999.0,-9999.0,-9999.0,-9999.0,"{""type"":""MultiPoint"",""coordinates"":[]}"
47_0,-9999.0,2001-01,2659,0.7196826086956523,7.5,-9999.0,-9999.0,-9999.0,-9999.0,"{""type"":""MultiPoint"",""coordinates"":[]}"
48_0,25.60192620438511,2001-07,2652,0.5778347826086957,26.0,876.8585781008688,75.96112957982307,0.2060156051426717,997.1972486310286,"{""type"":""MultiPoint"",""coordinates"":[]}"
49_0,14.735770783794521,2001-07,2820,0.5874304347826087,17.5,2068.1383470446553,67.04592298238265,0.30717791204583145,787.9947041104805,"{""type"":""MultiPoint"",""coordinates"":[]}"
50_0,12.84751718076916,2001-07,2832,0.41336521739130433,7.5,999.138296619126,62.64508019666758,0.24029234620534118,752.2497166675583,"{""type"":""MultiPoint"",""coordinates"":[]}"
51_0,16.654189911933827,2001-07,2835,0.3057304347826087,26.5,468.6247716099707,53.568473279190485,0.18443121888321817,805.7679940648186,"{""type"":""MultiPoint"",""coordinates"":[]}"
52_0,10.574701291785516,2001-01,2839,0.6427173913043478,10.5,1467.3599908501594,68.15171251400025,0.33376391162611035,724.7066116447273,"{""type"":""MultiPoint"",""coordinates"":[]}"
53_0,12.536378794282427,2001-07,2976,0.5885,9.0,1816.7381743342369,66.63842755329914,0.3046338486344846,754.037104795412,"{""type"":""MultiPoint"",""coordinates"":[]}"
54_0,19.398645355712517,2001-11,3244,0.6875130434782609,6.5,3224.935323968598,79.1566641396134,0.33509828924588414,882.8059198639057,"{""type"":""MultiPoint"",""coordinates"":[]}"
55_0,21.860698990843446,2001-11,3264,0.8195521739130435,9.0,3071.1457590014425,80.85488404291154,0.35032573334158296,939.334160731485,"{""type"":""MultiPoint"",""coordinates"":[]}"
56_0,21.860698990843446,2001-11,3269,0.8195521739130435,9.0,3071.1457590014425,80.85488404291154,0.35032573334158296,939.334160731485,"{""type"":""MultiPoint"",""coordinates"":[]}"
57_0,21.860698990843446,2001-04,3283,0.8195521739130435,9.0,3071.1457590014425,80.85488404291154,0.35032573334158296,939.334160731485,"{""type"":""MultiPoint"",""coordinates"":[]}"
58_0,21.860698990843446,2001-11,3283,0.8195521739130435,9.0,3071.1457590014425,80.85488404291154,0.35032573334158296,939.334160731485,"{""type"":""MultiPoint"",""coordinates"":[]}"
59_0,24.897401464801987,2001-10,3314,0.4407130434782609,62.0,1228.0679503828972,76.56009721424036,0.317416679695861,1010.0349152976959,"{""type"":""MultiPoint"",""coordinates"":[]}"
60_0,19.14341294275573,2001-08,3354,0.7422739130434783,0.0,1454.2855630070655,65.51600946902643,0.35728552482988213,860.7381584483811,"{""type"":""MultiPoint"",""coordinates"":[]}"
61_0,14.295813324462301,2001-05,3404,0.7206173913043479,0.0,1538.633422032067,80.41895979655406,0.4058951617375898,800.5433410967822,"{""type"":""MultiPoint"",""coordinates"":[]}"
62_0,13.89872294560962,2001-05,3405,0.7363782608695653,3.0,1167.8967783600776,71.40163551835317,0.27834065581021256,774.1495500008917,"{""type"":""MultiPoint"",""coordinates"":[]}"
63_0,15.593557866414017,2001-07,3563,0.6627391304347826,2.0,1477.6429543644874,64.62062456040792,0.38689351364902175,821.3406515990656,"{""type"":""MultiPoint"",""coordinates"":[]}"
64_0,25.8157215989346,2001-05,3664,0.7928695652173914,0.0,788.1201664359061,65.93756858824419,0.2343449178895997,989.9439894986087,"{""type"":""MultiPoint"",""coordinates"":[]}"
65_0,13.89872294560962,2001-08,3674,0.7363782608695653,3.0,1167.8967783600776,71.40163551835317,0.27834065581021256,774.1495500008917,"{""type"":""MultiPoint"",""coordinates"":[]}"
66_0,19.23369213261026,2001-07,3704,0.6823347826086957,2.5,1315.205768719384,65.86111230192088,0.38242463238163105,885.9672497725817,"{""type"":""MultiPoint"",""coordinates"":[]}"
67_0,16.994632754042584,2001-10,3723,0.5820130434782609,6.0,2101.248593106934,63.762596450304656,0.29015411133091207,816.9046789963256,"{""type"":""MultiPoint"",""coordinates"":[]}"
68_0,19.14341294275573,2001-08,3734,0.7422739130434783,0.0,1454.2855630070655,65.51600946902643,0.35728552482988213,860.7381584483811,"{""type"":""MultiPoint"",""coordinates"":[]}"
69_0,13.393520855141787,2001-07,3737,0.3786521739130435,0.0,706.9455245882956,51.03762690662745,0.20511293454801666,768.771878768015,"{""type"":""MultiPoint"",""coordinates"":[]}"
70_0,19.23369213261026,2001-07,3815,0.6823347826086957,2.5,1315.205768719384,65.86111230192088,0.38242463238163105,885.9672497725817,"{""type"":""MultiPoint"",""coordinates"":[]}"
71_0,13.89872294560962,2001-05,3825,0.7363782608695653,3.0,1167.8967783600776,71.40163551835317,0.27834065581021256,774.1495500008917,"{""type"":""MultiPoint"",""coordinates"":[]}"
72_0,11.609801578957331,2001-08,3855,0.715195652173913,0.0,1438.2298598439186,77.81754874237835,0.40522280479675,744.1281732885637,"{""type"":""MultiPoint"",""coordinates"":[]}"
73_0,15.93925675518443,2001-10,3910,0.5485826086956522,11.5,1365.94927407808,60.76723621407743,0.2434091698633482,792.9568216903895,"{""type"":""MultiPoint"",""coordinates"":[]}"
74_0,25.341082124405204,2001-05,4041,0.8075478260869565,0.0,882.1504721791235,68.2924414812541,0.2279987509392168,985.5987600465538,"{""type"":""MultiPoint"",""coordinates"":[]}"
75_0,19.14341294275573,2001-08,4106,0.7422739130434783,0.0,1454.2855630070655,65.51600946902643,0.35728552482988213,860.7381584483811,"{""type"":""MultiPoint"",""coordinates"":[]}"
76_0,-9999.0,2001-08,3391,0.5429304347826087,0.0,-9999.0,-9999.0,-9999.0,-9999.0,"{""type"":""MultiPoint"",""coordinates"":[]}"
77_0,-9999.0,2001-04,4188,0.5429304347826087,0.0,-9999.0,-9999.0,-9999.0,-9999.0,"{""type"":""MultiPoint"",""coordinates"":[]}"
78_0,19.429974729285732,2001-06,3573,0.6755,2.0,1370.7001218945472,65.3264570296198,0.29732639016626095,857.1956847040882,"{""type"":""MultiPoint"",""coordinates"":[]}"
79_0,13.393520855141787,2001-07,4295,0.3786521739130435,0.0,706.9455245882956,51.03762690662745,0.20511293454801666,768.771878768015,"{""type"":""MultiPoint"",""coordinates"":[]}"
80_0,-9999.0,2001-06,3391,0.5429304347826087,0.0,-9999.0,-9999.0,-9999.0,-9999.0,"{""type"":""MultiPoint"",""coordinates"":[]}"
81_0,22.401590650375624,2001-07,4397,0.5900173913043478,7.0,3142.2909060866323,89.15761730480382,0.38761345153529897,974.5847132429009,"{""type"":""MultiPoint"",""coordinates"":[]}"
82_0,17.129788335164108,2001-05,4402,0.686604347826087,10.0,3200.0377187878576,89.02057807870595,0.4445387940428573,858.7713970328549,"{""type"":""MultiPoint"",""coordinates"":[]}"
83_0,-9999.0,2001-07,4469,0.5408782608695653,10.5,-9999.0,-9999.0,-9999.0,-9999.0,"{""type"":""MultiPoint"",""coordinates"":[]}"
84_0,-9999.0,2001-04,4471,0.6188652173913043,15.0,-9999.0,-9999.0,-9999.0,-9999.0,"{""type"":""MultiPoint"",""coordinates"":[]}"
85_0,24.96983631604354,2001-11,2650,0.6907173913043478,12.0,878.4496346861807,76.0681986994587,0.33128118994029176,985.1108536538607,"{""type"":""MultiPoint"",""coordinates"":[]}"
86_0,-9999.0,2001-04,2352,0.7245521739130435,10.5,-9999.0,-9999.0,-9999.0,-9999.0,"{""type"":""MultiPoint"",""coordinates"":[]}"
87_0,-9999.0,2001-07,4482,0.6188652173913043,15.0,-9999.0,-9999.0,-9999.0,-9999.0,"{""type"":""MultiPoint"",""coordinates"":[]}"
88_0,-9999.0,2001-09,4493,0.7343173913043478,6.5,-9999.0,-9999.0,-9999.0,-9999.0,"{""type"":""MultiPoint"",""coordinates"":[]}"
89_0,25.052702326317444,2001-01,4511,0.6943217391304348,38.0,670.6624934823004,74.61227806881561,0.32848008038246457,983.5970054803439,"{""type"":""MultiPoint"",""coordinates"":[]}"
90_0,-9999.0,2001-05,4521,0.7245521739130435,10.5,-9999.0,-9999.0,-9999.0,-9999.0,"{""type"":""MultiPoint"",""coordinates"":[]}"
91_0,-9999.0,2001-07,4523,0.5408782608695653,10.5,-9999.0,-9999.0,-9999.0,-9999.0,"{""type"":""MultiPoint"",""coordinates"":[]}"
92_0,25.46185949491047,2001-07,4569,0.6475173913043478,23.0,891.7304436118094,76.80247209246089,0.24730506444086225,996.6964221470107,"{""type"":""MultiPoint"",""coordinates"":[]}"
93_0,25.60192620438511,2001-07,4585,0.6004826086956522,16.0,876.8585781008688,75.96112957982307,0.2060156051426717,997.1972486310286,"{""type"":""MultiPoint"",""coordinates"":[]}"
94_0,-9999.0,2001-07,4596,0.6188652173913043,15.0,-9999.0,-9999.0,-9999.0,-9999.0,"{""type"":""MultiPoint"",""coordinates"":[]}"
95_0,-9999.0,2001-05,4600,0.7343173913043478,6.5,-9999.0,-9999.0,-9999.0,-9999.0,"{""type"":""MultiPoint"",""coordinates"":[]}"
96_0,-9999.0,2001-11,4604,0.7343173913043478,6.5,-9999.0,-9999.0,-9999.0,-9999.0,"{""type"":""MultiPoint"",""coordinates"":[]}"
97_0,-9999.0,2001-07,4613,-9999.0,14.0,-9999.0,-9999.0,-9999.0,-9999.0,"{""type"":""MultiPoint"",""coordinates"":[]}"
98_0,-9999.0,2001-06,4619,0.7343173913043478,6.5,-9999.0,-9999.0,-9999.0,-9999.0,"{""type"":""MultiPoint"",""coordinates"":[]}"
99_0,-9999.0,2001-05,4622,0.7343173913043478,6.5,-9999.0,-9999.0,-9999.0,-9999.0,"{""type"":""MultiPoint"",""coordinates"":[]}"
100_0,25.46185949491047,2001-07,4633,0.6475173913043478,23.0,891.7304436118094,76.80247209246089,0.24730506444086225,996.6964221470107,"{""type"":""MultiPoint"",""coordinates"":[]}"
101_0,26.033381104142677,2001-02,4644,0.6768347826086957,8.5,504.973919168183,74.49057340509998,0.13283448066885614,1004.6292726036314,"{""type"":""MultiPoint"",""coordinates"":[]}"
102_0,-9999.0,2001-07,4619,0.7343173913043478,6.5,-9999.0,-9999.0,-9999.0,-9999.0,"{""type"":""MultiPoint"",""coordinates"":[]}"
103_0,-9999.0,2001-05,4661,0.7343173913043478,6.5,-9999.0,-9999.0,-9999.0,-9999.0,"{""type"":""MultiPoint"",""coordinates"":[]}"
104_0,-9999.0,2001-08,4619,0.7343173913043478,6.5,-9999.0,-9999.0,-9999.0,-9999.0,"{""type"":""MultiPoint"",""coordinates"":[]}"
105_0,-9999.0,2001-03,4705,0.7343173913043478,6.5,-9999.0,-9999.0,-9999.0,-9999.0,"{""type"":""MultiPoint"",""coordinates"":[]}"
106_0,-9999.0,2001-02,4471,0.6188652173913043,15.0,-9999.0,-9999.0,-9999.0,-9999.0,"{""type"":""MultiPoint"",""coordinates"":[]}"
107_0,-9999.0,2001-07,4737,0.37236521739130435,3.0,-9999.0,-9999.0,-9999.0,-9999.0,"{""type"":""MultiPoint"",""coordinates"":[]}"
108_0,26.033381104142677,2001-05,4741,0.6768347826086957,8.5,504.973919168183,74.49057340509998,0.13283448066885614,1004.6292726036314,"{""type"":""MultiPoint"",""coordinates"":[]}"
109_0,-9999.0,2001-05,4756,0.7245521739130435,10.5,-9999.0,-9999.0,-9999.0,-9999.0,"{""type"":""MultiPoint"",""coordinates"":[]}"
110_0,-9999.0,2001-12,4471,0.6188652173913043,15.0,-9999.0,-9999.0,-9999.0,-9999.0,"{""type"":""MultiPoint"",""coordinates"":[]}"
111_0,-9999.0,2001-07,4774,0.6188652173913043,15.0,-9999.0,-9999.0,-9999.0,-9999.0,"{""type"":""MultiPoint"",""coordinates"":[]}"
112_0,-9999.0,2001-03,4776,0.7343173913043478,6.5,-9999.0,-9999.0,-9999.0,-9999.0,"{""type"":""MultiPoint"",""coordinates"":[]}"
113_0,-9999.0,2001-04,4788,0.7245521739130435,10.5,-9999.0,-9999.0,-9999.0,-9999.0,"{""type"":""MultiPoint"",""coordinates"":[]}"
114_0,25.052702326317444,2001-11,4796,0.6943217391304348,38.0,670.6624934823004,74.61227806881561,0.32848008038246457,983.5970054803439,"{""type"":""MultiPoint"",""coordinates"":[]}"
115_0,-9999.0,2001-04,4600,0.7343173913043478,6.5,-9999.0,-9999.0,-9999.0,-9999.0,"{""type"":""MultiPoint"",""coordinates"":[]}"
116_0,-9999.0,2001-07,4471,0.6188652173913043,15.0,-9999.0,-9999.0,-9999.0,-9999.0,"{""type"":""MultiPoint"",""coordinates"":[]}"
117_0,-9999.0,2001-07,4804,0.5370217391304348,7.0,-9999.0,-9999.0,-9999.0,-9999.0,"{""type"":""MultiPoint"",""coordinates"":[]}"
118_0,-9999.0,2001-04,4844,0.6188652173913043,15.0,-9999.0,-9999.0,-9999.0,-9999.0,"{""type"":""MultiPoint"",""coordinates"":[]}"
119_0,26.033381104142677,2001-03,4846,0.6768347826086957,8.5,504.973919168183,74.49057340509998,0.13283448066885614,1004.6292726036314,"{""type"":""MultiPoint"",""coordinates"":[]}"
120_0,-9999.0,2001-08,4482,0.6188652173913043,15.0,-9999.0,-9999.0,-9999.0,-9999.0,"{""type"":""MultiPoint"",""coordinates"":[]}"
121_0,25.290878116485715,2001-07,4856,0.606204347826087,8.5,733.5268864781348,75.14420647722494,0.31473685312488825,987.4899221470109,"{""type"":""MultiPoint"",""coordinates"":[]}"
122_0,26.09828549912004,2001-07,4860,0.6241739130434784,18.0,911.8386069685904,77.20761952975047,0.3751168098623894,1011.3471664392482,"{""type"":""MultiPoint"",""coordinates"":[]}"
123_0,10.666080117769866,2001-12,4905,0.2608304347826087,0.0,2513.7357423455205,84.86775179434065,0.4262290797821461,720.9390922383348,"{""type"":""MultiPoint"",""coordinates"":[]}"
124_0,24.58058273977349,2001-02,4914,0.7408347826086957,0.0,2531.6903749854055,89.2179078653544,0.40610428204819504,993.7652474894765,"{""type"":""MultiPoint"",""coordinates"":[]}"
125_0,17.22754335621164,2001-09,4987,0.7418260869565217,5.5,2991.5618459135976,86.60085582459344,0.4776127697670295,835.9713182657317,"{""type"":""MultiPoint"",""coordinates"":[]}"
126_0,14.968944701103226,2001-11,4997,0.36218260869565216,0.0,4692.450762763688,89.4068033131263,0.4157181953186314,809.0862566218962,"{""type"":""MultiPoint"",""coordinates"":[]}"
127_0,24.58058273977349,2001-02,5000,0.7408347826086957,0.0,2531.6903749854055,89.2179078653544,0.40610428204819504,993.7652474894765,"{""type"":""MultiPoint"",""coordinates"":[]}"
128_0,24.50433349783583,2001-12,5002,0.6593130434782609,0.0,2685.107574835488,89.6662807848892,0.40971118630883907,988.7917394986091,"{""type"":""MultiPoint"",""coordinates"":[]}"
129_0,17.9788133333808,2001-07,5057,0.3694434782608696,0.0,8399.992973581026,91.99103249804047,0.4843478372652237,852.3330134712107,"{""type"":""MultiPoint"",""coordinates"":[]}"
130_0,14.968944701103226,2001-12,5058,0.36218260869565216,0.0,4692.450762763688,89.4068033131263,0.4157181953186314,809.0862566218962,"{""type"":""MultiPoint"",""coordinates"":[]}"
131_0,24.50433349783583,2001-11,5059,0.6593130434782609,0.0,2685.107574835488,89.6662807848892,0.40971118630883907,988.7917394986091,"{""type"":""MultiPoint"",""coordinates"":[]}"
132_0,27.064935443825846,2001-09,5100,0.6630043478260871,1.5,1352.9697964341133,69.82967202079907,0.41230431299775694,982.2775294529465,"{""type"":""MultiPoint"",""coordinates"":[]}"
133_0,25.6569245098932,2001-09,5111,0.7317260869565217,0.0,2033.8662425429313,75.0385136295604,0.4515993109576778,965.693444978061,"{""type"":""MultiPoint"",""coordinates"":[]}"
134_0,15.275307964516685,2001-08,5119,0.5526173913043478,3.0,11266.670079007814,85.32322853661903,0.4750355254569557,789.6734860739514,"{""type"":""MultiPoint"",""coordinates"":[]}"
135_0,18.55731781040697,2001-10,5145,0.5750826086956522,0.5,4555.350826159188,87.73965012050826,0.479480419420216,849.5700431515768,"{""type"":""MultiPoint"",""coordinates"":[]}"
136_0,15.639059436049195,2001-09,5147,0.5348739130434783,55.0,3088.7235114724126,84.14251710738694,0.39252680948335833,793.7111767132205,"{""type"":""MultiPoint"",""coordinates"":[]}"
137_0,14.657254489915829,2001-10,5189,0.6932347826086958,0.0,4958.275840655037,88.55433131951209,0.40873130728665025,776.0829609597957,"{""type"":""MultiPoint"",""coordinates"":[]}"
138_0,17.55185017520455,2001-10,5193,0.6780739130434783,0.0,4472.294912710854,88.61830978518161,0.4685173696578909,825.4523719187004,"{""type"":""MultiPoint"",""coordinates"":[]}"
139_0,12.781003464302671,2001-06,5199,0.4170652173913043,11.5,723.1472293288199,73.08578590520023,0.2391416436461009,736.8675808228095,"{""type"":""MultiPoint"",""coordinates"":[]}"
140_0,-9999.0,2001-10,5269,0.542,0.0,-9999.0,-9999.0,-9999.0,-9999.0,"{""type"":""MultiPoint"",""coordinates"":[]}"
141_0,9.942489890529771,2001-09,5273,0.4785913043478261,0.0,2949.2880562693563,88.90164875873862,0.4557385954138347,711.0140922383342,"{""type"":""MultiPoint"",""coordinates"":[]}"
142_0,15.717662238204127,2001-05,5385,0.4814521739130435,3.5,10684.967027083108,90.41947544547075,0.4230305710883989,812.8647178091113,"{""type"":""MultiPoint"",""coordinates"":[]}"
143_0,16.467131148734836,2001-04,5413,0.6188869565217391,33.5,2612.458513155648,83.9803294851484,0.38875481244091564,807.4192075351381,"{""type"":""MultiPoint"",""coordinates"":[]}"
144_0,15.639059436049195,2001-06,5414,0.4761217391304348,62.5,3088.7235114724126,84.14251710738694,0.39252680948335833,793.7111767132205,"{""type"":""MultiPoint"",""coordinates"":[]}"
145_0,15.639059436049195,2001-05,5417,0.5348739130434783,55.0,3088.7235114724126,84.14251710738694,0.39252680948335833,793.7111767132205,"{""type"":""MultiPoint"",""coordinates"":[]}"
146_0,18.899926480855015,2001-11,5418,0.487404347826087,55.0,4003.467635288903,86.65005584452716,0.41001350193807506,861.9049997725821,"{""type"":""MultiPoint"",""coordinates"":[]}"
147_0,15.639059436049195,2001-05,5419,0.5348739130434783,55.0,3088.7235114724126,84.14251710738694,0.39252680948335833,793.7111767132205,"{""type"":""MultiPoint"",""coordinates"":[]}"
148_0,18.629970270095782,2001-02,5443,0.6652913043478261,2.0,1365.0440732390373,80.02889092293749,0.3909065351094288,845.2826835625361,"{""type"":""MultiPoint"",""coordinates"":[]}"
149_0,23.986111019953114,2001-10,5462,0.6022695652173913,1.5,1933.560476675698,80.18196597612425,0.4478841894837821,948.033473516874,"{""type"":""MultiPoint"",""coordinates"":[]}"
150_0,14.504935042499028,2001-08,5489,0.6706565217391305,0.0,1207.1214476973503,76.57133646195892,0.4044908706456015,769.7212155260053,"{""type"":""MultiPoint"",""coordinates"":[]}"
151_0,15.717662238204127,2001-05,5513,0.4814521739130435,3.5,10684.967027083108,90.41947544547075,0.4230305710883989,812.8647178091113,"{""type"":""MultiPoint"",""coordinates"":[]}"
152_0,15.639059436049195,2001-05,5525,0.5348739130434783,55.0,3088.7235114724126,84.14251710738694,0.39252680948335833,793.7111767132205,"{""type"":""MultiPoint"",""coordinates"":[]}"
153_0,15.639059436049195,2001-09,5525,0.5348739130434783,55.0,3088.7235114724126,84.14251710738694,0.39252680948335833,793.7111767132205,"{""type"":""MultiPoint"",""coordinates"":[]}"
154_0,19.949102199676474,2001-10,5529,0.7677391304347826,0.5,6979.048715010354,87.45992991498281,0.4813885588624162,879.1338833342251,"{""type"":""MultiPoint"",""coordinates"":[]}"
155_0,14.657254489915829,2001-09,5189,0.6932347826086958,0.0,4958.275840655037,88.55433131951209,0.40873130728665025,776.0829609597957,"{""type"":""MultiPoint"",""coordinates"":[]}"
156_0,19.405209505612504,2001-10,5539,0.6709695652173914,0.0,1849.9239841849296,83.31710753602682,0.44972712895641603,867.076887900435,"{""type"":""MultiPoint"",""coordinates"":[]}"
157_0,19.949102199676474,2001-10,5552,0.7677391304347826,0.5,6979.048715010354,87.45992991498281,0.4813885588624162,879.1338833342251,"{""type"":""MultiPoint"",""coordinates"":[]}"
158_0,15.639059436049195,2001-04,5575,0.5348739130434783,55.0,3088.7235114724126,84.14251710738694,0.39252680948335833,793.7111767132205,"{""type"":""MultiPoint"",""coordinates"":[]}"
159_0,25.374925366057823,2001-11,5101,0.7007521739130436,0.0,1378.7928233296363,73.81978711874973,0.4322270293214005,957.2085796812571,"{""type"":""MultiPoint"",""coordinates"":[]}"
160_0,16.745707195752345,2001-04,5171,0.5876173913043479,12.0,2990.6048188359227,82.96171607513281,0.4055898831859569,810.1126219187009,"{""type"":""MultiPoint"",""coordinates"":[]}"
161_0,-9999.0,2001-10,5441,0.6700652173913043,0.0,-9999.0,-9999.0,-9999.0,-9999.0,"{""type"":""MultiPoint"",""coordinates"":[]}"
162_0,15.275307964516685,2001-10,5119,0.5526173913043478,3.0,11266.670079007814,85.32322853661903,0.4750355254569557,789.6734860739514,"{""type"":""MultiPoint"",""coordinates"":[]}"
163_0,16.467131148734836,2001-06,5631,0.6188869565217391,33.5,2612.458513155648,83.9803294851484,0.38875481244091564,807.4192075351381,"{""type"":""MultiPoint"",""coordinates"":[]}"
164_0,16.467131148734836,2001-09,5413,0.6188869565217391,33.5,2612.458513155648,83.9803294851484,0.38875481244091564,807.4192075351381,"{""type"":""MultiPoint"",""coordinates"":[]}"
165_0,15.639059436049195,2001-05,5638,0.5348739130434783,55.0,3088.7235114724126,84.14251710738694,0.39252680948335833,793.7111767132205,"{""type"":""MultiPoint"",""coordinates"":[]}"
166_0,16.528279791357306,2001-04,5639,0.6521782608695652,28.5,2677.3168007285085,84.29387919595274,0.3874133070854295,808.1938091333111,"{""type"":""MultiPoint"",""coordinates"":[]}"
167_0,15.639059436049195,2001-08,5640,0.5348739130434783,55.0,3088.7235114724126,84.14251710738694,0.39252680948335833,793.7111767132205,"{""type"":""MultiPoint"",""coordinates"":[]}"
168_0,-9999.0,2001-09,5323,0.542,0.0,-9999.0,-9999.0,-9999.0,-9999.0,"{""type"":""MultiPoint"",""coordinates"":[]}"
169_0,15.639059436049195,2001-06,5691,0.4761217391304348,62.5,3088.7235114724126,84.14251710738694,0.39252680948335833,793.7111767132205,"{""type"":""MultiPoint"",""coordinates"":[]}"
170_0,14.504935042499028,2001-08,5693,0.6706565217391305,0.0,1207.1214476973503,76.57133646195892,0.4044908706456015,769.7212155260053,"{""type"":""MultiPoint"",""coordinates"":[]}"
171_0,18.793668677273445,2001-10,5694,0.6413391304347826,0.0,4460.982472673127,88.18692929199847,0.45933004405400546,849.7490203205272,"{""type"":""MultiPoint"",""coordinates"":[]}"
172_0,19.949102199676474,2001-10,5580,0.7677391304347826,0.5,6979.048715010354,87.45992991498281,0.4813885588624162,879.1338833342251,"{""type"":""MultiPoint"",""coordinates"":[]}"
173_0,16.528279791357306,2001-05,5639,0.6521782608695652,28.5,2677.3168007285085,84.29387919595274,0.3874133070854295,808.1938091333111,"{""type"":""MultiPoint"",""coordinates"":[]}"
174_0,16.745707195752345,2001-09,5213,0.6410347826086957,11.0,2990.6048188359227,82.96171607513281,0.4055898831859569,810.1126219187009,"{""type"":""MultiPoint"",""coordinates"":[]}"
175_0,15.639059436049195,2001-09,5711,0.5348739130434783,55.0,3088.7235114724126,84.14251710738694,0.39252680948335833,793.7111767132205,"{""type"":""MultiPoint"",""coordinates"":[]}"
176_0,15.639059436049195,2001-05,5414,0.4761217391304348,62.5,3088.7235114724126,84.14251710738694,0.39252680948335833,793.7111767132205,"{""type"":""MultiPoint"",""coordinates"":[]}"
177_0,15.639059436049195,2001-05,5723,0.5348739130434783,55.0,3088.7235114724126,84.14251710738694,0.39252680948335833,793.7111767132205,"{""type"":""MultiPoint"",""coordinates"":[]}"
178_0,16.467131148734836,2001-03,5854,0.6188869565217391,33.5,2612.458513155648,83.9803294851484,0.38875481244091564,807.4192075351381,"{""type"":""MultiPoint"",""coordinates"":[]}"
179_0,16.467131148734836,2001-02,5883,0.6188869565217391,33.5,2612.458513155648,83.9803294851484,0.38875481244091564,807.4192075351381,"{""type"":""MultiPoint"",""coordinates"":[]}"
180_0,15.877991058837551,2001-10,5886,0.696004347826087,6.5,2082.861096635529,82.35540578285172,0.3658377590789099,794.3982452063705,"{""type"":""MultiPoint"",""coordinates"":[]}"
181_0,15.445542428700435,2001-05,6005,0.46618695652173914,9.5,2723.2225994021383,76.28707751278117,0.3795782812109823,775.6706573068279,"{""type"":""MultiPoint"",""coordinates"":[]}"
182_0,15.445542428700435,2001-05,6015,0.46618695652173914,9.5,2723.2225994021383,76.28707751278117,0.3795782812109823,775.6706573068279,"{""type"":""MultiPoint"",""coordinates"":[]}"
183_0,23.087455688546356,2001-04,6056,0.3918913043478261,0.0,597.9355583340613,70.28797491217685,0.13729886094184754,1014.5777143844531,"{""type"":""MultiPoint"",""coordinates"":[]}"
184_0,11.318261107353464,2001-08,7057,0.4161391304347826,0.0,1317.6736543328254,76.78056751231001,0.41353957293784804,717.8350659826269,"{""type"":""MultiPoint"",""coordinates"":[]}"
185_0,17.55185017520455,2001-10,7058,0.6780739130434783,0.0,4472.294912710854,88.61830978518161,0.4685173696578909,825.4523719187004,"{""type"":""MultiPoint"",""coordinates"":[]}"
186_0,18.55731781040697,2001-10,7059,0.5750826086956522,0.5,4555.350826159188,87.73965012050826,0.479480419420216,849.5700431515768,"{""type"":""MultiPoint"",""coordinates"":[]}"
187_0,26.302583488917435,2001-11,7070,0.708904347826087,0.0,3307.1171353013006,80.48464713962609,0.46488810848427675,992.4676835625364,"{""type"":""MultiPoint"",""coordinates"":[]}"
188_0,26.302583488917435,2001-10,7070,0.708904347826087,0.0,3307.1171353013006,80.48464713962609,0.46488810848427675,992.4676835625364,"{""type"":""MultiPoint"",""coordinates"":[]}"
189_0,14.504935042499028,2001-08,7071,0.6706565217391305,0.0,1207.1214476973503,76.57133646195892,0.4044908706456015,769.7212155260053,"{""type"":""MultiPoint"",""coordinates"":[]}"
190_0,14.504935042499028,2001-10,7071,0.6706565217391305,0.0,1207.1214476973503,76.57133646195892,0.4044908706456015,769.7212155260053,"{""type"":""MultiPoint"",""coordinates"":[]}"
191_0,15.639059436049195,2001-05,7073,0.5348739130434783,55.0,3088.7235114724126,84.14251710738694,0.39252680948335833,793.7111767132205,"{""type"":""MultiPoint"",""coordinates"":[]}"
192_0,11.318261107353464,2001-10,7057,0.4161391304347826,0.0,1317.6736543328254,76.78056751231001,0.41353957293784804,717.8350659826269,"{""type"":""MultiPoint"",""coordinates"":[]}"
193_0,25.379233611991367,2001-02,7127,0.6186826086956523,0.0,2101.096005216309,85.24718529756628,0.44641846608897895,999.4939963479238,"{""type"":""MultiPoint"",""coordinates"":[]}"
194_0,24.67599245010439,2001-04,7135,0.5954086956521739,7.5,1005.3248713166205,66.98394738117041,0.3869733070129674,946.0442657543167,"{""type"":""MultiPoint"",""coordinates"":[]}"
195_0,24.67599245010439,2001-02,7135,0.5954086956521739,7.5,1005.3248713166205,66.98394738117041,0.3869733070129674,946.0442657543167,"{""type"":""MultiPoint"",""coordinates"":[]}"
196_0,25.60192620438511,2001-04,7291,0.6004826086956522,16.0,876.8585781008688,75.96112957982307,0.2060156051426717,997.1972486310286,"{""type"":""MultiPoint"",""coordinates"":[]}"
197_0,24.64852339687957,2001-11,9152,0.6193173913043478,0.0,774.4105616957632,60.44170793078989,0.2562051363731625,980.7982486310287,"{""type"":""MultiPoint"",""coordinates"":[]}"
198_0,24.64852339687957,2001-11,9155,0.6037739130434783,0.0,774.4105616957632,60.44170793078989,0.2562051363731625,980.7982486310287,"{""type"":""MultiPoint"",""coordinates"":[]}"
199_0,24.612635839801897,2001-11,9157,0.5225608695652174,0.0,844.2438701540915,59.11834613867054,0.2304203521171118,973.8902406401612,"{""type"":""MultiPoint"",""coordinates"":[]}"
200_0,24.64852339687957,2001-11,9159,0.6037739130434783,0.0,774.4105616957632,60.44170793078989,0.2562051363731625,980.7982486310287,"{""type"":""MultiPoint"",""coordinates"":[]}"
201_0,24.817229919781994,2001-11,9160,0.6610173913043478,0.0,754.8244456202475,60.39133703436542,0.256919395760314,985.133031736051,"{""type"":""MultiPoint"",""coordinates"":[]}"
202_0,24.84959850746759,2001-02,9819,0.6418478260869566,0.0,2132.760257497498,84.86804906947553,0.4591091852754217,1003.9591036538596,"{""type"":""MultiPoint"",""coordinates"":[]}"
203_0,20.5924758440828,2001-06,9918,0.7266913043478261,10.5,797.5054094941107,74.50092796167557,0.31169477837270804,895.5360363022613,"{""type"":""MultiPoint"",""coordinates"":[]}"
204_0,23.475326470152993,2001-06,9951,0.7045739130434784,4.5,3776.4010588080373,88.98759837993248,0.4155293939320463,997.4631869871939,"{""type"":""MultiPoint"",""coordinates"":[]}"
205_0,21.536640325746532,2001-08,12103,0.6654695652173913,0.0,1051.112101450631,77.9652466827275,0.32006595907690305,928.8182863022621,"{""type"":""MultiPoint"",""coordinates"":[]}"
206_0,21.536640325746532,2001-07,12828,0.6654695652173913,0.0,1051.112101450631,77.9652466827275,0.32006595907690305,928.8182863022621,"{""type"":""MultiPoint"",""coordinates"":[]}"
207_0,24.506498434336947,2001-04,19260,0.7357695652173913,6.0,1410.7691953331916,68.0861765811399,0.27230051989969073,952.4349563935851,"{""type"":""MultiPoint"",""coordinates"":[]}"
208_0,25.231703111135005,2001-04,21087,0.6297347826086958,2.0,2590.031490698525,84.3471203172701,0.3801152494944397,1014.0625226036312,"{""type"":""MultiPoint"",""coordinates"":[]}"
209_0,25.231703111135005,2001-04,23886,0.6297347826086958,2.0,2590.031490698525,84.3471203172701,0.3801152494944397,1014.0625226036312,"{""type"":""MultiPoint"",""coordinates"":[]}"
210_0,27.890098650161576,2001-12,35085,0.6347521739130435,1.5,955.5239836127249,64.9445273552463,0.24111694092075586,1011.3154586766914,"{""type"":""MultiPoint"",""coordinates"":[]}"
211_0,21.536640325746532,2001-08,37258,0.6654695652173913,0.0,1051.112101450631,77.9652466827275,0.32006595907690305,928.8182863022621,"{""type"":""MultiPoint"",""coordinates"":[]}"
212_0,21.536640325746532,2001-05,39588,0.6654695652173913,0.0,1051.112101450631,77.9652466827275,0.32006595907690305,928.8182863022621,"{""type"":""MultiPoint"",""coordinates"":[]}"
213_0,21.536640325746532,2001-08,45671,0.6654695652173913,0.0,1051.112101450631,77.9652466827275,0.32006595907690305,928.8182863022621,"{""type"":""MultiPoint"",""coordinates"":[]}"
214_0,26.200470724933325,2001-02,46569,0.4722173913043478,0.0,3504.35504414148,85.41034765640194,0.32890059588706644,1007.7982783113931,"{""type"":""MultiPoint"",""coordinates"":[]}"
215_0,21.536640325746532,2001-07,12103,0.6654695652173913,0.0,1051.112101450631,77.9652466827275,0.32006595907690305,928.8182863022621,"{""type"":""MultiPoint"",""coordinates"":[]}"
216_0,23.17818614837796,2001-08,49573,0.6924521739130435,0.0,1304.6249905974357,79.26395010684286,0.413915247459934,965.083761188106,"{""type"":""MultiPoint"",""coordinates"":[]}"
217_0,21.536640325746532,2001-07,49648,0.6654695652173913,0.0,1051.112101450631,77.9652466827275,0.32006595907690305,928.8182863022621,"{""type"":""MultiPoint"",""coordinates"":[]}"
218_0,22.718964321537044,2001-05,53136,0.7203217391304348,0.5,2838.924021497437,84.14929811533038,0.3504956197520915,966.5046630145903,"{""type"":""MultiPoint"",""coordinates"":[]}"
219_0,25.3843257834381,2001-04,57731,0.7176217391304348,3.0,598.1080392748801,74.53029359725274,0.21293562797650903,988.0124426949545,"{""type"":""MultiPoint"",""coordinates"":[]}"
220_0,24.266058936619572,2001-05,61650,0.7350434782608697,8.5,2047.0375577361076,76.81383153877664,0.39911292263361964,972.614454110481,"{""type"":""MultiPoint"",""coordinates"":[]}"
221_0,21.536640325746532,2001-08,12828,0.6654695652173913,0.0,1051.112101450631,77.9652466827275,0.32006595907690305,928.8182863022621,"{""type"":""MultiPoint"",""coordinates"":[]}"
222_0,21.96870546558671,2001-04,72815,0.616204347826087,5.5,2598.216519728371,88.18435275136935,0.4200589132091224,957.8977360739513,"{""type"":""MultiPoint"",""coordinates"":[]}"
223_0,21.536640325746532,2001-04,89688,0.6654695652173913,0.0,1051.112101450631,77.9652466827275,0.32006595907690305,928.8182863022621,"{""type"":""MultiPoint"",""coordinates"":[]}"
224_0,22.735088527801565,2001-10,97116,0.4247086956521739,0.0,613.3930692822424,57.25638738059353,0.3438624534432747,996.2720442931299,"{""type"":""MultiPoint"",""coordinates"":[]}"
225_0,26.28034283537835,2001-12,24641,0.6262739130434783,14.0,700.714663639733,70.57249191690616,0.23968683530206553,995.274011188106,"{""type"":""MultiPoint"",""coordinates"":[]}"
226_0,25.13727152401998,2001-08,12417,0.5962347826086958,0.0,2329.053775444695,85.43517963069306,0.36352317148147656,1004.8769826492935,"{""type"":""MultiPoint"",""coordinates"":[]}"
227_0,25.113794114273958,2001-04,127644,0.6696695652173913,2.5,2475.4646430165258,87.76815944471913,0.38855262651835387,1010.9143799095671,"{""type"":""MultiPoint"",""coordinates"":[]}"
228_0,27.84124800625449,2001-03,138437,0.583704347826087,3.0,1407.8302989155738,66.89209463197618,0.23457393210772517,1007.7817326492927,"{""type"":""MultiPoint"",""coordinates"":[]}"
229_0,21.536640325746532,2001-04,146969,0.6654695652173913,0.0,1051.112101450631,77.9652466827275,0.32006595907690305,928.8182863022621,"{""type"":""MultiPoint"",""coordinates"":[]}"
230_0,23.286148254185605,2001-07,147258,0.5161869565217392,1.5,1298.9687482268303,72.73010157959443,0.26816949887907127,1016.8728308228093,"{""type"":""MultiPoint"",""coordinates"":[]}"
231_0,21.536640325746532,2001-04,147813,0.6654695652173913,0.0,1051.112101450631,77.9652466827275,0.32006595907690305,928.8182863022621,"{""type"":""MultiPoint"",""coordinates"":[]}"
232_0,21.536640325746532,2001-05,150919,0.6654695652173913,0.0,1051.112101450631,77.9652466827275,0.32006595907690305,928.8182863022621,"{""type"":""MultiPoint"",""coordinates"":[]}"
233_0,19.73874417135181,2001-01,81486,0.6596478260869565,10.0,1775.0771353394478,85.12158744552643,0.3932229290269822,895.1367132429008,"{""type"":""MultiPoint"",""coordinates"":[]}"
234_0,25.231703111135005,2001-04,21445,0.6297347826086958,2.0,2590.031490698525,84.3471203172701,0.3801152494944397,1014.0625226036312,"{""type"":""MultiPoint"",""coordinates"":[]}"
235_0,15.144183267741425,2001-06,176683,0.2807869565217392,2.5,906.2546799332587,49.58179257332442,0.1959486643473305,777.0712132429005,"{""type"":""MultiPoint"",""coordinates"":[]}"
236_0,26.28034283537835,2001-06,72278,0.6262739130434783,14.0,700.714663639733,70.57249191690616,0.23968683530206553,995.274011188106,"{""type"":""MultiPoint"",""coordinates"":[]}"
237_0,26.200470724933325,2001-02,186026,0.4722173913043478,0.0,3504.35504414148,85.41034765640194,0.32890059588706644,1007.7982783113931,"{""type"":""MultiPoint"",""coordinates"":[]}"
238_0,12.464879926916808,2001-07,187301,0.6420478260869565,6.0,1462.8396490961998,82.17243473879904,0.34299004785546433,769.8304815077413,"{""type"":""MultiPoint"",""coordinates"":[]}"
239_0,24.085669337233583,2001-07,187302,0.610413043478261,7.5,1081.302763000199,75.89282555234901,0.38797609163745894,994.2397394986084,"{""type"":""MultiPoint"",""coordinates"":[]}"
240_0,12.536378794282427,2001-07,187304,0.5885,9.0,1816.7381743342369,66.63842755329914,0.3046338486344846,754.037104795412,"{""type"":""MultiPoint"",""coordinates"":[]}"
241_0,16.658259368269285,2001-07,187364,0.7383478260869565,20.0,1741.0368780047386,84.48320101470331,0.4073326441795312,865.0135557086545,"{""type"":""MultiPoint"",""coordinates"":[]}"
242_0,15.37353164638023,2001-08,187374,0.6410521739130435,28.5,1502.4553845078437,83.90536106638953,0.4026883826408213,832.8382155260065,"{""type"":""MultiPoint"",""coordinates"":[]}"
243_0,15.37353164638023,2001-07,187378,0.6410521739130435,28.5,1502.4553845078437,83.90536106638953,0.4026883826408213,832.8382155260065,"{""type"":""MultiPoint"",""coordinates"":[]}"
244_0,15.37353164638023,2001-09,187415,0.6410521739130435,28.5,1502.4553845078437,83.90536106638953,0.4026883826408213,832.8382155260065,"{""type"":""MultiPoint"",""coordinates"":[]}"
245_0,16.658259368269285,2001-06,187455,0.7383478260869565,20.0,1741.0368780047386,84.48320101470331,0.4073326441795312,865.0135557086545,"{""type"":""MultiPoint"",""coordinates"":[]}"
246_0,15.37353164638023,2001-09,187374,0.6410521739130435,28.5,1502.4553845078437,83.90536106638953,0.4026883826408213,832.8382155260065,"{""type"":""MultiPoint"",""coordinates"":[]}"
247_0,12.536378794282427,2001-07,187467,0.5208913043478262,8.0,1816.7381743342369,66.63842755329914,0.3046338486344846,754.037104795412,"{""type"":""MultiPoint"",""coordinates"":[]}"
248_0,12.699197180412511,2001-07,187597,0.3819130434782609,0.0,796.8301633746115,53.193245226914854,0.30791734146745253,756.0638045671017,"{""type"":""MultiPoint"",""coordinates"":[]}"
249_0,12.699197180412511,2001-08,187597,0.3819130434782609,0.0,796.8301633746115,53.193245226914854,0.30791734146745253,756.0638045671017,"{""type"":""MultiPoint"",""coordinates"":[]}"
250_0,15.064055422778381,2001-08,187613,0.3771304347826087,0.0,648.2216874510733,48.071425416132264,0.24352845666615391,782.37910365386,"{""type"":""MultiPoint"",""coordinates"":[]}"
251_0,14.73136755712494,2001-07,187651,0.6711565217391304,2.5,840.2749756724326,72.05124274754034,0.2313753572228838,789.968671005458,"{""type"":""MultiPoint"",""coordinates"":[]}"
252_0,16.658259368269285,2001-06,187364,0.7383478260869565,20.0,1741.0368780047386,84.48320101470331,0.4073326441795312,865.0135557086545,"{""type"":""MultiPoint"",""coordinates"":[]}"
253_0,16.658259368269285,2001-07,187680,0.7383478260869565,20.0,1741.0368780047386,84.48320101470331,0.4073326441795312,865.0135557086545,"{""type"":""MultiPoint"",""coordinates"":[]}"
254_0,13.237532832524607,2001-07,187764,0.4229173913043478,0.0,820.1080868393866,53.81323749079534,0.2877259554928295,764.4488696355952,"{""type"":""MultiPoint"",""coordinates"":[]}"
255_0,15.064055422778381,2001-07,187613,0.3771304347826087,0.0,648.2216874510733,48.071425416132264,0.24352845666615391,782.37910365386,"{""type"":""MultiPoint"",""coordinates"":[]}"
256_0,16.658259368269285,2001-05,187364,0.7383478260869565,20.0,1741.0368780047386,84.48320101470331,0.4073326441795312,865.0135557086545,"{""type"":""MultiPoint"",""coordinates"":[]}"
257_0,17.9555932188685,2001-07,187943,0.7217869565217392,4.5,1561.574340835282,84.75923055034578,0.3516399662244266,889.398152740617,"{""type"":""MultiPoint"",""coordinates"":[]}"
258_0,19.235441249690723,2001-07,187949,0.7503608695652174,3.0,1540.0475422293632,83.2551767334765,0.3291393367122845,913.4068787680153,"{""type"":""MultiPoint"",""coordinates"":[]}"
259_0,-9999.0,2001-06,188052,0.5008304347826087,1.0,-9999.0,-9999.0,-9999.0,-9999.0,"{""type"":""MultiPoint"",""coordinates"":[]}"
260_0,16.658259368269285,2001-05,187455,0.7383478260869565,20.0,1741.0368780047386,84.48320101470331,0.4073326441795312,865.0135557086545,"{""type"":""MultiPoint"",""coordinates"":[]}"
261_0,16.658259368269285,2001-07,187461,0.7383478260869565,20.0,1741.0368780047386,84.48320101470331,0.4073326441795312,865.0135557086545,"{""type"":""MultiPoint"",""coordinates"":[]}"
262_0,26.28558951774147,2001-08,188265,0.7789521739130435,0.0,741.9411400706259,65.94535128712558,0.3406322357317084,1005.3120625579697,"{""type"":""MultiPoint"",""coordinates"":[]}"
263_0,26.28558951774147,2001-10,188265,0.7789521739130435,0.0,741.9411400706259,65.94535128712558,0.3406322357317084,1005.3120625579697,"{""type"":""MultiPoint"",""coordinates"":[]}"
264_0,15.37353164638023,2001-08,187415,0.6410521739130435,28.5,1502.4553845078437,83.90536106638953,0.4026883826408213,832.8382155260065,"{""type"":""MultiPoint"",""coordinates"":[]}"
265_0,15.37353164638023,2001-10,187374,0.6410521739130435,28.5,1502.4553845078437,83.90536106638953,0.4026883826408213,832.8382155260065,"{""type"":""MultiPoint"",""coordinates"":[]}"
266_0,13.346298707239555,2001-07,188325,0.5946695652173913,4.0,1981.7546317727058,66.97436387956668,0.3074596718566059,768.3132372155035,"{""type"":""MultiPoint"",""coordinates"":[]}"
267_0,13.346298707239555,2001-07,188326,0.5977260869565217,1.5,1981.7546317727058,66.97436387956668,0.3074596718566059,768.3132372155035,"{""type"":""MultiPoint"",""coordinates"":[]}"
268_0,13.346298707239555,2001-07,188327,0.5946695652173913,4.0,1981.7546317727058,66.97436387956668,0.3074596718566059,768.3132372155035,"{""type"":""MultiPoint"",""coordinates"":[]}"
269_0,13.346298707239555,2001-07,188335,0.6486000000000001,9.0,1981.7546317727058,66.97436387956668,0.3074596718566059,768.3132372155035,"{""type"":""MultiPoint"",""coordinates"":[]}"
270_0,15.37353164638023,2001-06,187378,0.6410521739130435,28.5,1502.4553845078437,83.90536106638953,0.4026883826408213,832.8382155260065,"{""type"":""MultiPoint"",""coordinates"":[]}"
271_0,15.37353164638023,2001-05,187378,0.6410521739130435,28.5,1502.4553845078437,83.90536106638953,0.4026883826408213,832.8382155260065,"{""type"":""MultiPoint"",""coordinates"":[]}"
272_0,16.658259368269285,2001-07,187455,0.7383478260869565,20.0,1741.0368780047386,84.48320101470331,0.4073326441795312,865.0135557086545,"{""type"":""MultiPoint"",""coordinates"":[]}"
273_0,12.464879926916808,2001-08,187301,0.6420478260869565,6.0,1462.8396490961998,82.17243473879904,0.34299004785546433,769.8304815077413,"{""type"":""MultiPoint"",""coordinates"":[]}"
274_0,11.396816196180566,2001-07,188226,0.3587565217391305,5.0,1367.160067930886,78.83320675411734,0.306575083623738,749.5106869871934,"{""type"":""MultiPoint"",""coordinates"":[]}"
275_0,15.588011526517278,2001-07,188492,0.2605217391304348,1.0,393.3790633828131,52.865681783306705,0.17447059840372167,790.148242923266,"{""type"":""MultiPoint"",""coordinates"":[]}"
276_0,-9999.0,2001-06,187937,0.5008304347826087,1.0,-9999.0,-9999.0,-9999.0,-9999.0,"{""type"":""MultiPoint"",""coordinates"":[]}"
277_0,21.99730559222769,2001-08,188525,0.6669173913043478,16.0,2527.6523540169683,83.5210764325161,0.3466173337474804,949.4321139278318,"{""type"":""MultiPoint"",""coordinates"":[]}"
278_0,16.658259368269285,2001-05,187680,0.7383478260869565,20.0,1741.0368780047386,84.48320101470331,0.4073326441795312,865.0135557086545,"{""type"":""MultiPoint"",""coordinates"":[]}"
279_0,19.970694710021803,2001-03,188560,0.4486913043478261,0.5,635.4478011280981,51.56310890446637,0.20129593627093587,842.1538296812572,"{""type"":""MultiPoint"",""coordinates"":[]}"
280_0,12.699197180412511,2001-07,188570,0.47668695652173915,0.0,796.8301633746115,53.193245226914854,0.30791734146745253,756.0638045671017,"{""type"":""MultiPoint"",""coordinates"":[]}"
281_0,19.721569825960728,2001-07,188598,0.46389565217391304,15.5,737.2144917399374,70.75866611339274,0.18214044091908363,903.1630728319418,"{""type"":""MultiPoint"",""coordinates"":[]}"
282_0,21.374317801488758,2001-07,188600,0.6067521739130435,0.0,1336.8424037844627,63.28599153294463,0.28224259467974117,886.9578696355951,"{""type"":""MultiPoint"",""coordinates"":[]}"
283_0,14.570610431340413,2001-07,188670,0.5288,7.5,1930.747554674813,67.46295233518045,0.25029422812265895,782.212341096782,"{""type"":""MultiPoint"",""coordinates"":[]}"
284_0,10.913520988917469,2001-06,187459,0.5012391304347826,4.0,1200.0486264378517,78.12277605943235,0.2671252437922507,737.395226941531,"{""type"":""MultiPoint"",""coordinates"":[]}"
285_0,17.025697251759766,2001-05,188733,0.38830434782608697,8.5,758.8844309002844,57.602380575700565,0.14582931657904366,808.3786299095681,"{""type"":""MultiPoint"",""coordinates"":[]}"
286_0,12.04560641806978,2001-07,188739,0.47557391304347835,8.0,1262.3508284241645,64.55338623512206,0.2544184976516794,740.8578867588831,"{""type"":""MultiPoint"",""coordinates"":[]}"
287_0,26.28558951774147,2001-09,188265,0.7789521739130435,0.0,741.9411400706259,65.94535128712558,0.3406322357317084,1005.3120625579697,"{""type"":""MultiPoint"",""coordinates"":[]}"
288_0,12.464879926916808,2001-09,187301,0.6420478260869565,6.0,1462.8396490961998,82.17243473879904,0.34299004785546433,769.8304815077413,"{""type"":""MultiPoint"",""coordinates"":[]}"
289_0,15.37353164638023,2001-10,187415,0.6410521739130435,28.5,1502.4553845078437,83.90536106638953,0.4026883826408213,832.8382155260065,"{""type"":""MultiPoint"",""coordinates"":[]}"
290_0,16.658259368269285,2001-06,187680,0.7383478260869565,20.0,1741.0368780047386,84.48320101470331,0.4073326441795312,865.0135557086545,"{""type"":""MultiPoint"",""coordinates"":[]}"
291_0,17.262113222792607,2001-07,188962,0.665504347826087,4.5,1576.1233428866356,61.93363121583396,0.28778572605080793,815.8843194072848,"{""type"":""MultiPoint"",""coordinates"":[]}"
292_0,18.825619661862447,2001-07,188963,0.6227956521739131,0.5,853.0951748043982,75.12583975839443,0.2400826127561804,890.3342257999784,"{""type"":""MultiPoint"",""coordinates"":[]}"
293_0,15.644282261748572,2001-07,189005,0.593404347826087,5.0,1572.6756016165702,63.4232494788271,0.19578124616788406,789.4737155260059,"{""type"":""MultiPoint"",""coordinates"":[]}"
294_0,13.876610939688135,2001-07,189104,0.7157260869565217,0.5,2246.5924630314794,64.35978617186292,0.3143076909731512,768.5564404118511,"{""type"":""MultiPoint"",""coordinates"":[]}"
295_0,12.249952121194667,2001-07,189134,0.5796869565217392,6.5,1368.7908510119407,79.60003087569766,0.2879993578070377,763.0662360739511,"{""type"":""MultiPoint"",""coordinates"":[]}"
296_0,25.809178407224863,2001-07,189240,0.5483869565217391,0.0,518.8475111872641,43.839388566357904,0.2424594426263957,924.9229792246364,"{""type"":""MultiPoint"",""coordinates"":[]}"
297_0,26.28558951774147,2001-11,188265,0.7789521739130435,0.0,741.9411400706259,65.94535128712558,0.3406322357317084,1005.3120625579697,"{""type"":""MultiPoint"",""coordinates"":[]}"
298_0,15.667285659650588,2001-07,189305,0.311104347826087,5.5,728.1581024081198,67.60615321376653,0.21493446141073153,806.3425294529462,"{""type"":""MultiPoint"",""coordinates"":[]}"
299_0,14.977816704528095,2001-07,189326,0.48343913043478265,2.5,557.708145156571,61.59974158611151,0.20728038979447583,792.2713342474668,"{""type"":""MultiPoint"",""coordinates"":[]}"
300_0,15.262307420495688,2001-07,189424,0.38673913043478264,6.0,781.4046452195136,72.52052092497594,0.18934859706930895,807.6297109597961,"{""type"":""MultiPoint"",""coordinates"":[]}"
301_0,14.70619454057254,2001-07,189479,0.741095652173913,3.5,1704.886184111306,82.08462114804176,0.3530456717155839,816.4515511424439,"{""type"":""MultiPoint"",""coordinates"":[]}"
302_0,26.28558951774147,2001-12,188265,0.7789521739130435,0.0,741.9411400706259,65.94535128712558,0.3406322357317084,1005.3120625579697,"{""type"":""MultiPoint"",""coordinates"":[]}"
303_0,11.396816196180566,2001-08,188226,0.3587565217391305,5.0,1367.160067930886,78.83320675411734,0.306575083623738,749.5106869871934,"{""type"":""MultiPoint"",""coordinates"":[]}"
304_0,14.880054548777593,2001-11,189494,0.6253173913043478,30.5,2152.636797204682,72.37311905433337,0.38397643555244904,791.7341344757779,"{""type"":""MultiPoint"",""coordinates"":[]}"
305_0,-9999.0,2001-05,189559,0.19213913043478262,1.5,-9999.0,-9999.0,-9999.0,-9999.0,"{""type"":""MultiPoint"",""coordinates"":[]}"
306_0,17.430802577815598,2001-07,189571,0.2695086956521739,7.5,871.0619518906561,59.34698943202433,0.12026217038228632,806.9561310511208,"{""type"":""MultiPoint"",""coordinates"":[]}"
307_0,13.354916759822231,2001-09,189642,0.467095652173913,4.5,1446.8729505688636,61.57853810584447,0.2543653270425316,758.1967155260057,"{""type"":""MultiPoint"",""coordinates"":[]}"
308_0,14.570610431340413,2001-09,189645,0.5288,7.5,1930.747554674813,67.46295233518045,0.25029422812265895,782.212341096782,"{""type"":""MultiPoint"",""coordinates"":[]}"
309_0,15.714736118055441,2001-07,189654,0.5676,17.0,2052.792833224007,62.86087980583769,0.28258557428508024,793.7113422383347,"{""type"":""MultiPoint"",""coordinates"":[]}"
310_0,15.993920398520515,2001-08,189712,0.5296695652173913,2.5,1071.4279273898094,66.82324547068268,0.33408835598322917,802.125813699523,"{""type"":""MultiPoint"",""coordinates"":[]}"
311_0,14.270453467870084,2001-12,189713,0.3236217391304348,13.0,776.3705710322348,66.93231941874218,0.19549636666633233,783.0532828776039,"{""type"":""MultiPoint"",""coordinates"":[]}"
312_0,17.86226996330356,2001-08,189715,0.6644913043478261,0.5,1705.2443484217613,68.67559525198381,0.36526524269417515,837.9700636995215,"{""type"":""MultiPoint"",""coordinates"":[]}"
313_0,18.99822351638602,2001-09,189717,0.788704347826087,6.0,2158.599332943627,85.75518813501495,0.37258774221759955,923.9696664392477,"{""type"":""MultiPoint"",""coordinates"":[]}"
314_0,18.99822351638602,2001-09,189727,0.7629130434782609,7.5,2158.599332943627,85.75518813501495,0.37258774221759955,923.9696664392477,"{""type"":""MultiPoint"",""coordinates"":[]}"
315_0,20.172053648021233,2001-04,189761,0.7867521739130435,0.0,2972.218886986443,75.41847866324485,0.31203489434229187,890.3190545671014,"{""type"":""MultiPoint"",""coordinates"":[]}"
316_0,20.172053648021233,2001-06,189783,0.7867521739130435,0.0,2972.218886986443,75.41847866324485,0.31203489434229187,890.3190545671014,"{""type"":""MultiPoint"",""coordinates"":[]}"
317_0,20.172053648021233,2001-08,189842,0.7867521739130435,0.0,2972.218886986443,75.41847866324485,0.31203489434229187,890.3190545671014,"{""type"":""MultiPoint"",""coordinates"":[]}"
318_0,20.172053648021233,2001-06,189844,0.7867521739130435,0.0,2972.218886986443,75.41847866324485,0.31203489434229187,890.3190545671014,"{""type"":""MultiPoint"",""coordinates"":[]}"
319_0,21.734147861776876,2001-07,189851,0.8082739130434783,0.0,2716.8906489760366,74.77557196313596,0.30906081177872613,918.8865385853662,"{""type"":""MultiPoint"",""coordinates"":[]}"
320_0,21.734147861776876,2001-07,189874,0.8082739130434783,0.0,2716.8906489760366,74.77557196313596,0.30906081177872613,918.8865385853662,"{""type"":""MultiPoint"",""coordinates"":[]}"
321_0,19.567900358923225,2001-02,189889,0.7629652173913043,2.0,1861.1820498854606,71.33272498371556,0.2844699998968812,872.4035728319425,"{""type"":""MultiPoint"",""coordinates"":[]}"
322_0,20.172053648021233,2001-06,189903,0.7867521739130435,0.0,2972.218886986443,75.41847866324485,0.31203489434229187,890.3190545671014,"{""type"":""MultiPoint"",""coordinates"":[]}"
323_0,20.172053648021233,2001-04,189783,0.7867521739130435,0.0,2972.218886986443,75.41847866324485,0.31203489434229187,890.3190545671014,"{""type"":""MultiPoint"",""coordinates"":[]}"
324_0,17.847465900090185,2001-05,189909,0.7408434782608696,0.0,2426.0511408001867,73.56548315224602,0.3041968027750651,843.9247805944998,"{""type"":""MultiPoint"",""coordinates"":[]}"
325_0,21.85380196244745,2001-04,189753,0.4514,59.5,1424.9315569550483,73.24245174344325,0.3565298611714961,918.645081964362,"{""type"":""MultiPoint"",""coordinates"":[]}"
326_0,17.847465900090185,2001-05,189912,0.7408434782608696,0.0,2426.0511408001867,73.56548315224602,0.3041968027750651,843.9247805944998,"{""type"":""MultiPoint"",""coordinates"":[]}"
327_0,19.502195539431057,2001-07,189863,0.7409130434782609,0.0,1972.487376108834,71.42369627374354,0.27665150960286455,871.057091096782,"{""type"":""MultiPoint"",""coordinates"":[]}"
328_0,21.85380196244745,2001-08,189927,0.4514,59.5,1424.9315569550483,73.24245174344325,0.3565298611714961,918.645081964362,"{""type"":""MultiPoint"",""coordinates"":[]}"
329_0,16.151794435335432,2001-09,189929,0.6508913043478262,4.0,2242.9736266285863,76.79513069531697,0.2946990879703333,814.4229004575126,"{""type"":""MultiPoint"",""coordinates"":[]}"
330_0,21.734147861776876,2001-07,189941,0.8082739130434783,0.0,2716.8906489760366,74.77557196313596,0.30906081177872613,918.8865385853662,"{""type"":""MultiPoint"",""coordinates"":[]}"
331_0,23.38228882567529,2001-09,189943,0.5607304347826088,16.5,1431.9114247710197,71.87047506962597,0.36033190026130835,945.7309495442711,"{""type"":""MultiPoint"",""coordinates"":[]}"
332_0,20.172053648021233,2001-10,189945,0.7867521739130435,0.0,2972.218886986443,75.41847866324485,0.31203489434229187,890.3190545671014,"{""type"":""MultiPoint"",""coordinates"":[]}"
333_0,20.172053648021233,2001-06,189951,0.7867521739130435,0.0,2972.218886986443,75.41847866324485,0.31203489434229187,890.3190545671014,"{""type"":""MultiPoint"",""coordinates"":[]}"
334_0,20.172053648021233,2001-06,189952,0.7867521739130435,0.0,2972.218886986443,75.41847866324485,0.31203489434229187,890.3190545671014,"{""type"":""MultiPoint"",""coordinates"":[]}"
335_0,19.502195539431057,2001-08,189863,0.7409130434782609,0.0,1972.487376108834,71.42369627374354,0.27665150960286455,871.057091096782,"{""type"":""MultiPoint"",""coordinates"":[]}"
336_0,21.85380196244745,2001-11,189793,0.4514,59.5,1424.9315569550483,73.24245174344325,0.3565298611714961,918.645081964362,"{""type"":""MultiPoint"",""coordinates"":[]}"
337_0,16.541441089159832,2001-05,189983,0.7278347826086957,1.0,2189.4986937195745,73.44524449846803,0.30020198560740863,818.9783011424437,"{""type"":""MultiPoint"",""coordinates"":[]}"
338_0,16.541441089159832,2001-05,189984,0.7278347826086957,1.0,2189.4986937195745,73.44524449846803,0.30020198560740863,818.9783011424437,"{""type"":""MultiPoint"",""coordinates"":[]}"
339_0,20.172053648021233,2001-12,189761,0.7867521739130435,0.0,2972.218886986443,75.41847866324485,0.31203489434229187,890.3190545671014,"{""type"":""MultiPoint"",""coordinates"":[]}"
340_0,16.541441089159832,2001-09,189986,0.7278347826086957,1.0,2189.4986937195745,73.44524449846803,0.30020198560740863,818.9783011424437,"{""type"":""MultiPoint"",""coordinates"":[]}"
341_0,16.541441089159832,2001-09,189987,0.7278347826086957,1.0,2189.4986937195745,73.44524449846803,0.30020198560740863,818.9783011424437,"{""type"":""MultiPoint"",""coordinates"":[]}"
342_0,21.85380196244745,2001-10,189753,0.4514,59.5,1424.9315569550483,73.24245174344325,0.3565298611714961,918.645081964362,"{""type"":""MultiPoint"",""coordinates"":[]}"
343_0,17.847465900090185,2001-11,189993,0.7408434782608696,0.0,2426.0511408001867,73.56548315224602,0.3041968027750651,843.9247805944998,"{""type"":""MultiPoint"",""coordinates"":[]}"
344_0,20.172053648021233,2001-06,189761,0.7867521739130435,0.0,2972.218886986443,75.41847866324485,0.31203489434229187,890.3190545671014,"{""type"":""MultiPoint"",""coordinates"":[]}"
345_0,19.502195539431057,2001-06,189863,0.7409130434782609,0.0,1972.487376108834,71.42369627374354,0.27665150960286455,871.057091096782,"{""type"":""MultiPoint"",""coordinates"":[]}"
346_0,21.85380196244745,2001-09,190016,0.4514,59.5,1424.9315569550483,73.24245174344325,0.3565298611714961,918.645081964362,"{""type"":""MultiPoint"",""coordinates"":[]}"
347_0,23.141340534436722,2001-03,190061,0.5081826086956522,30.5,609.9026659876791,46.85616884283863,0.2098154947637968,885.8330933798873,"{""type"":""MultiPoint"",""coordinates"":[]}"
348_0,21.093772130469915,2001-04,190062,0.5900565217391305,4.5,1135.1620117575615,80.23168638370728,0.2981671877647643,928.1234621013483,"{""type"":""MultiPoint"",""coordinates"":[]}"
349_0,23.308444201674035,2001-04,190063,0.5762826086956522,17.5,1171.5407977253883,73.03715193105675,0.2696941427988548,948.7042337908455,"{""type"":""MultiPoint"",""coordinates"":[]}"
350_0,26.32182087832922,2001-11,190069,0.7525086956521739,7.0,729.7582636029211,65.48809841965372,0.31577661418479364,1007.1248810511199,"{""type"":""MultiPoint"",""coordinates"":[]}"
351_0,26.32182087832922,2001-12,190069,0.7525086956521739,7.0,729.7582636029211,65.48809841965372,0.31577661418479364,1007.1248810511199,"{""type"":""MultiPoint"",""coordinates"":[]}"
352_0,18.79004246437404,2001-03,190070,0.736208695652174,0.0,991.1412904412238,73.74138326081632,0.33494959617858616,895.4462383570568,"{""type"":""MultiPoint"",""coordinates"":[]}"
353_0,18.689954172421892,2001-08,190074,0.6020521739130436,43.5,1475.7159660012214,82.98161249018405,0.4180415462685503,900.2139552520333,"{""type"":""MultiPoint"",""coordinates"":[]}"
354_0,18.84634106953945,2001-12,190076,0.7024956521739131,25.0,1747.3894218356102,81.59897135529144,0.3613219326489593,904.3549187223527,"{""type"":""MultiPoint"",""coordinates"":[]}"
355_0,18.689954172421892,2001-08,189372,0.6020521739130436,43.5,1475.7159660012214,82.98161249018405,0.4180415462685503,900.2139552520333,"{""type"":""MultiPoint"",""coordinates"":[]}"
356_0,15.881735886177523,2001-05,190079,0.40758695652173915,3.5,1097.0209399611442,78.02779154913243,0.2614657484777442,834.8236025123072,"{""type"":""MultiPoint"",""coordinates"":[]}"
357_0,14.880054548777593,2001-06,189766,0.6253173913043478,30.5,2152.636797204682,72.37311905433337,0.38397643555244904,791.7341344757779,"{""type"":""MultiPoint"",""coordinates"":[]}"
358_0,14.880054548777593,2001-01,189766,0.6253173913043478,30.5,2152.636797204682,72.37311905433337,0.38397643555244904,791.7341344757779,"{""type"":""MultiPoint"",""coordinates"":[]}"
359_0,14.806208587019626,2001-10,190080,0.6738739130434783,8.5,2243.852169290253,85.77896803907545,0.38228555095794514,831.3403365305722,"{""type"":""MultiPoint"",""coordinates"":[]}"
360_0,21.093772130469915,2001-06,190062,0.5900565217391305,4.5,1135.1620117575615,80.23168638370728,0.2981671877647643,928.1234621013483,"{""type"":""MultiPoint"",""coordinates"":[]}"
361_0,22.898799643669008,2001-09,190081,0.512404347826087,32.0,718.1859175116507,65.97808297549741,0.29010486341502567,980.1106573068283,"{""type"":""MultiPoint"",""coordinates"":[]}"
362_0,20.267993333024265,2001-10,190082,0.7725391304347826,4.5,1682.987795248696,84.86183605224386,0.3576774649424095,947.2363787680155,"{""type"":""MultiPoint"",""coordinates"":[]}"
363_0,15.37353164638023,2001-10,190077,0.6410521739130435,28.5,1502.4553845078437,83.90536106638953,0.4026883826408213,832.8382155260065,"{""type"":""MultiPoint"",""coordinates"":[]}"
364_0,24.119767644525155,2001-05,190087,0.6838217391304349,0.0,1778.019369617173,81.3028920198132,0.3423533940424114,989.9769917817139,"{""type"":""MultiPoint"",""coordinates"":[]}"
365_0,23.600443300917902,2001-03,190088,0.8017478260869565,0.0,2016.956717744538,81.73698134873418,0.36109427012265,986.7043707771464,"{""type"":""MultiPoint"",""coordinates"":[]}"
366_0,18.690699971865,2001-07,190113,0.521295652173913,26.0,779.3008396775214,50.37902448099983,0.22705239073870923,827.0363833342255,"{""type"":""MultiPoint"",""coordinates"":[]}"
367_0,20.207908207096636,2001-09,190116,0.37507391304347826,55.0,722.8694418818442,48.525612055398405,0.21164649719516973,844.8285545671018,"{""type"":""MultiPoint"",""coordinates"":[]}"
368_0,22.898799643669008,2001-09,190166,0.512404347826087,32.0,718.1859175116507,65.97808297549741,0.29010486341502567,980.1106573068283,"{""type"":""MultiPoint"",""coordinates"":[]}"
369_0,18.787197724433952,2001-08,190120,0.6868739130434783,0.0,1472.9524115473716,66.32163520381562,0.3630275708899654,852.1890111881064,"{""type"":""MultiPoint"",""coordinates"":[]}"
370_0,23.7095275617624,2001-09,190205,0.40448695652173916,5.0,815.4383758456198,79.72643103586621,0.28275044062366234,1015.1458445214396,"{""type"":""MultiPoint"",""coordinates"":[]}"
371_0,19.534622542498823,2001-08,190220,0.6549478260869566,0.0,1179.2846033722847,62.98204280226648,0.3547620433650606,872.6932052520336,"{""type"":""MultiPoint"",""coordinates"":[]}"
372_0,18.86926643162542,2001-02,190228,0.5398304347826087,2.0,1342.0996526629417,59.12160351221183,0.271875898805383,848.3042246584265,"{""type"":""MultiPoint"",""coordinates"":[]}"
373_0,22.898799643669008,2001-06,190231,0.512404347826087,32.0,718.1859175116507,65.97808297549741,0.29010486341502567,980.1106573068283,"{""type"":""MultiPoint"",""coordinates"":[]}"
374_0,8.042196921779578,2001-05,190245,0.6166478260869566,4.5,1610.1421127469032,66.742451636689,0.32876385379599676,689.8869164392477,"{""type"":""MultiPoint"",""coordinates"":[]}"
375_0,22.200656673135313,2001-07,190249,0.6168826086956523,1.5,1590.2386168391197,65.22662256354923,0.2940384381437956,915.9307292246356,"{""type"":""MultiPoint"",""coordinates"":[]}"
376_0,14.756930752758308,2001-07,190258,0.5572043478260871,0.0,640.4005894810645,52.43594100811367,0.2092771608535558,772.8895191789742,"{""type"":""MultiPoint"",""coordinates"":[]}"
377_0,16.922670130969095,2001-01,190261,0.3555565217391305,22.5,644.6828404814688,55.46125101486419,0.17175222074604468,806.2161082200703,"{""type"":""MultiPoint"",""coordinates"":[]}"
378_0,17.19708040315811,2001-05,190263,0.28954347826086957,0.0,536.2471053750006,60.98319063308031,0.1443087852164491,821.42114931596,"{""type"":""MultiPoint"",""coordinates"":[]}"
379_0,15.229807955598403,2001-05,190271,0.5149913043478261,8.0,520.9732363373724,64.00547605858013,0.20378666533727072,790.1099735168732,"{""type"":""MultiPoint"",""coordinates"":[]}"
380_0,15.815335656083505,2001-05,190279,0.698804347826087,8.0,2560.4301551730123,80.15422173932566,0.3369834708296546,813.0849484027186,"{""type"":""MultiPoint"",""coordinates"":[]}"
381_0,19.502195539431057,2001-11,190291,0.7409130434782609,0.0,1972.487376108834,71.42369627374354,0.27665150960286455,871.057091096782,"{""type"":""MultiPoint"",""coordinates"":[]}"
382_0,24.786989480284262,2001-05,190311,0.7573304347826088,0.0,1185.552717223832,74.04578968949187,0.2861397764998484,983.6095853890199,"{""type"":""MultiPoint"",""coordinates"":[]}"
383_0,16.98271066500149,2001-04,190313,0.6341,3.5,3181.084708347985,82.28714993634667,0.35751653174831444,830.307143608198,"{""type"":""MultiPoint"",""coordinates"":[]}"
384_0,20.779882869981805,2001-07,190346,0.6182695652173913,0.0,1049.5340684802024,66.6849542767069,0.36473868557307276,914.5096184940423,"{""type"":""MultiPoint"",""coordinates"":[]}"
385_0,19.502195539431057,2001-11,190356,0.7409130434782609,0.0,1972.487376108834,71.42369627374354,0.27665150960286455,871.057091096782,"{""type"":""MultiPoint"",""coordinates"":[]}"
386_0,24.786989480284262,2001-05,190359,0.7573304347826088,0.0,1185.552717223832,74.04578968949187,0.2861397764998484,983.6095853890199,"{""type"":""MultiPoint"",""coordinates"":[]}"
387_0,10.423569103571936,2001-12,190382,0.7861478260869565,0.0,1328.7996808440178,76.28589969594366,0.3743464395880154,951.1892018273761,"{""type"":""MultiPoint"",""coordinates"":[]}"
388_0,25.427335112062394,2001-03,190518,0.7974869565217392,0.0,5284.428865686127,88.06654381978322,0.44779540284039215,1003.7562337908458,"{""type"":""MultiPoint"",""coordinates"":[]}"
389_0,10.325909955098894,2001-07,190559,0.6876,0.0,1357.9014400393455,75.20356222827897,0.3750279047717788,947.4496287680142,"{""type"":""MultiPoint"",""coordinates"":[]}"
390_0,10.423569103571936,2001-12,190577,0.7861478260869565,0.0,1328.7996808440178,76.28589969594366,0.3743464395880154,951.1892018273761,"{""type"":""MultiPoint"",""coordinates"":[]}"
391_0,-9999.0,2001-11,190697,0.5370217391304348,7.0,-9999.0,-9999.0,-9999.0,-9999.0,"{""type"":""MultiPoint"",""coordinates"":[]}"
392_0,25.46185949491047,2001-07,190700,0.6475173913043478,23.0,891.7304436118094,76.80247209246089,0.24730506444086225,996.6964221470107,"{""type"":""MultiPoint"",""coordinates"":[]}"
393_0,25.026881835449558,2001-01,190751,0.7088608695652174,0.0,1654.030830636689,83.08903196173985,0.4297867552874839,1002.5966892702979,"{""type"":""MultiPoint"",""coordinates"":[]}"
394_0,-9999.0,2001-01,190752,0.47105217391304355,10.0,-9999.0,-9999.0,-9999.0,-9999.0,"{""type"":""MultiPoint"",""coordinates"":[]}"
395_0,25.13727152401998,2001-01,190753,0.5962347826086958,0.0,2329.053775444695,85.43517963069306,0.36352317148147656,1004.8769826492935,"{""type"":""MultiPoint"",""coordinates"":[]}"
396_0,26.28034283537835,2001-10,190826,0.6262739130434783,14.0,700.714663639733,70.57249191690616,0.23968683530206553,995.274011188106,"{""type"":""MultiPoint"",""coordinates"":[]}"
397_0,26.28034283537835,2001-07,190826,0.6262739130434783,14.0,700.714663639733,70.57249191690616,0.23968683530206553,995.274011188106,"{""type"":""MultiPoint"",""coordinates"":[]}"
398_0,24.052340909008706,2001-03,190831,0.7468130434782609,0.0,1401.097835078904,82.16093533312656,0.3396716862508695,989.5616436081983,"{""type"":""MultiPoint"",""coordinates"":[]}"
399_0,26.28034283537835,2001-05,190826,0.6262739130434783,14.0,700.714663639733,70.57249191690616,0.23968683530206553,995.274011188106,"{""type"":""MultiPoint"",""coordinates"":[]}"
400_0,25.713152882824318,2001-10,190827,0.5533130434782609,9.5,752.8165737540213,72.55230981526452,0.355649949861988,988.0644723753219,"{""type"":""MultiPoint"",""coordinates"":[]}"
401_0,26.28034283537835,2001-12,190826,0.6262739130434783,14.0,700.714663639733,70.57249191690616,0.23968683530206553,995.274011188106,"{""type"":""MultiPoint"",""coordinates"":[]}"
402_0,20.5924758440828,2001-03,190829,0.7266913043478261,10.5,797.5054094941107,74.50092796167557,0.31169477837270804,895.5360363022613,"{""type"":""MultiPoint"",""coordinates"":[]}"
403_0,27.959887195395822,2001-11,190835,0.594808695652174,26.0,1228.8237670809715,64.81231736817327,0.2391622778487532,1006.6056310511203,"{""type"":""MultiPoint"",""coordinates"":[]}"
404_0,20.97658240087486,2001-10,190837,0.609413043478261,1.5,686.2465152890173,71.73741701741064,0.20686452160142868,898.6512611881063,"{""type"":""MultiPoint"",""coordinates"":[]}"
405_0,26.28034283537835,2001-06,190826,0.6262739130434783,14.0,700.714663639733,70.57249191690616,0.23968683530206553,995.274011188106,"{""type"":""MultiPoint"",""coordinates"":[]}"
406_0,20.5924758440828,2001-07,190829,0.7266913043478261,10.5,797.5054094941107,74.50092796167557,0.31169477837270804,895.5360363022613,"{""type"":""MultiPoint"",""coordinates"":[]}"
407_0,26.28034283537835,2001-09,190826,0.6262739130434783,14.0,700.714663639733,70.57249191690616,0.23968683530206553,995.274011188106,"{""type"":""MultiPoint"",""coordinates"":[]}"
408_0,27.959887195395822,2001-01,190835,0.594808695652174,26.0,1228.8237670809715,64.81231736817327,0.2391622778487532,1006.6056310511203,"{""type"":""MultiPoint"",""coordinates"":[]}"
409_0,20.5924758440828,2001-08,190829,0.7266913043478261,10.5,797.5054094941107,74.50092796167557,0.31169477837270804,895.5360363022613,"{""type"":""MultiPoint"",""coordinates"":[]}"
410_0,25.713152882824318,2001-01,190827,0.5533130434782609,9.5,752.8165737540213,72.55230981526452,0.355649949861988,988.0644723753219,"{""type"":""MultiPoint"",""coordinates"":[]}"
411_0,27.959887195395822,2001-06,190835,0.594808695652174,26.0,1228.8237670809715,64.81231736817327,0.2391622778487532,1006.6056310511203,"{""type"":""MultiPoint"",""coordinates"":[]}"
412_0,27.959887195395822,2001-05,190835,0.594808695652174,26.0,1228.8237670809715,64.81231736817327,0.2391622778487532,1006.6056310511203,"{""type"":""MultiPoint"",""coordinates"":[]}"
413_0,24.251319531653962,2001-09,190853,0.6773521739130435,0.0,1493.944005146691,80.89167335232628,0.38383225741451704,991.0148970328546,"{""type"":""MultiPoint"",""coordinates"":[]}"
414_0,22.192451541500077,2001-10,190895,0.6240304347826088,0.0,2566.841886416146,84.53385989148437,0.27701101956302193,954.9145146127644,"{""type"":""MultiPoint"",""coordinates"":[]}"
